mean_top_1_accuracy,std_top_1_accuracy,mean_top_2_accuracy,std_top_2_accuracy,mean_top_3_accuracy,std_top_3_accuracy,Anxiety_top_1_accuracy,Anxiety_top_2_accuracy,Anxiety_top_3_accuracy,Mood_top_1_accuracy,Mood_top_2_accuracy,Mood_top_3_accuracy,Stress_top_1_accuracy,Stress_top_2_accuracy,Stress_top_3_accuracy
0.5367965367965368,0.16546766107027183,0.6132756132756133,0.18080180427626322,0.7056277056277057,0.12479251346666302,0.7272727272727273,0.8181818181818182,0.8181818181818182,0.42857142857142855,0.47619047619047616,0.5714285714285714,0.45454545454545453,0.5454545454545454,0.7272727272727273
