mean_top_1_accuracy,std_top_1_accuracy,mean_top_2_accuracy,std_top_2_accuracy,mean_top_3_accuracy,std_top_3_accuracy,Anxiety_top_1_accuracy,Anxiety_top_2_accuracy,Anxiety_top_3_accuracy,Mood_top_1_accuracy,Mood_top_2_accuracy,Mood_top_3_accuracy,Stress_top_1_accuracy,Stress_top_2_accuracy,Stress_top_3_accuracy
0.3694083694083694,0.0099974072586948,0.6147186147186147,0.03749027722010558,0.7056277056277057,0.17917058083614612,0.36363636363636365,0.6363636363636364,0.6363636363636364,0.38095238095238093,0.5714285714285714,0.5714285714285714,0.36363636363636365,0.6363636363636364,0.9090909090909091
