mean_top_1_accuracy,std_top_1_accuracy,mean_top_2_accuracy,std_top_2_accuracy,mean_top_3_accuracy,std_top_3_accuracy,Mood_top_1_accuracy,Mood_top_2_accuracy,Mood_top_3_accuracy,Stress_top_1_accuracy,Stress_top_2_accuracy,Stress_top_3_accuracy
0.4653679653679653,0.015305341584124398,0.5800865800865801,0.07958777623744688,0.7186147186147187,0.14080914257394456,0.47619047619047616,0.5238095238095238,0.6190476190476191,0.45454545454545453,0.6363636363636364,0.8181818181818182
