mean_top_1_accuracy,std_top_1_accuracy,mean_top_2_accuracy,std_top_2_accuracy,mean_top_3_accuracy,std_top_3_accuracy,Anxiety_top_1_accuracy,Anxiety_top_2_accuracy,Anxiety_top_3_accuracy,Mood_top_1_accuracy,Mood_top_2_accuracy,Mood_top_3_accuracy,Stress_top_1_accuracy,Stress_top_2_accuracy,Stress_top_3_accuracy
0.5223665223665224,0.0993158257291184,0.7056277056277055,0.17917058083614612,0.8124098124098125,0.19054177016154764,0.6363636363636364,0.9090909090909091,1.0,0.47619047619047616,0.5714285714285714,0.6190476190476191,0.45454545454545453,0.6363636363636364,0.8181818181818182
