mean_top_1_accuracy,std_top_1_accuracy,mean_top_2_accuracy,std_top_2_accuracy,mean_top_3_accuracy,std_top_3_accuracy,Anxiety_top_1_accuracy,Anxiety_top_2_accuracy,Anxiety_top_3_accuracy,Mood_top_1_accuracy,Mood_top_2_accuracy,Mood_top_3_accuracy,Stress_top_1_accuracy,Stress_top_2_accuracy,Stress_top_3_accuracy
0.6147186147186147,0.09833607525195283,0.7215007215007215,0.09969249898652742,0.7979797979797979,0.17755955385097927,0.7272727272727273,0.8181818181818182,1.0,0.5714285714285714,0.6190476190476191,0.6666666666666666,0.5454545454545454,0.7272727272727273,0.7272727272727273
