mean_top_1_accuracy,std_top_1_accuracy,mean_top_2_accuracy,std_top_2_accuracy,mean_top_3_accuracy,std_top_3_accuracy,Mood_top_1_accuracy,Mood_top_2_accuracy,Mood_top_3_accuracy,Stress_top_1_accuracy,Stress_top_2_accuracy,Stress_top_3_accuracy
0.43939393939393934,0.14999234752441915,0.4632034632034632,0.11632059603934547,0.5086580086580086,0.18060303069266798,0.3333333333333333,0.38095238095238093,0.38095238095238093,0.5454545454545454,0.5454545454545454,0.6363636363636364
