mean_top_1_accuracy,std_top_1_accuracy,mean_top_2_accuracy,std_top_2_accuracy,mean_top_3_accuracy,std_top_3_accuracy,Anxiety_top_1_accuracy,Anxiety_top_2_accuracy,Anxiety_top_3_accuracy,Mood_top_1_accuracy,Mood_top_2_accuracy,Mood_top_3_accuracy
0.3701298701298701,0.11938166435617037,0.41774891774891776,0.052038161386022984,0.4632034632034632,0.11632059603934547,0.45454545454545453,0.45454545454545453,0.5454545454545454,0.2857142857142857,0.38095238095238093,0.38095238095238093
