mean_top_1_accuracy,std_top_1_accuracy,mean_top_2_accuracy,std_top_2_accuracy,mean_top_3_accuracy,std_top_3_accuracy,Anxiety_top_1_accuracy,Anxiety_top_2_accuracy,Anxiety_top_3_accuracy,Mood_top_1_accuracy,Mood_top_2_accuracy,Mood_top_3_accuracy,Stress_top_1_accuracy,Stress_top_2_accuracy,Stress_top_3_accuracy
0.5209235209235209,0.1294606338664178,0.6291486291486291,0.10192330958966986,0.735930735930736,0.16899758697786266,0.6363636363636364,0.7272727272727273,0.7272727272727273,0.38095238095238093,0.5238095238095238,0.5714285714285714,0.5454545454545454,0.6363636363636364,0.9090909090909091
