mean_top_1_accuracy,std_top_1_accuracy,mean_top_2_accuracy,std_top_2_accuracy,mean_top_3_accuracy,std_top_3_accuracy,Anxiety_top_1_accuracy,Anxiety_top_2_accuracy,Anxiety_top_3_accuracy,Mood_top_1_accuracy,Mood_top_2_accuracy,Mood_top_3_accuracy,Stress_top_1_accuracy,Stress_top_2_accuracy,Stress_top_3_accuracy
0.4718614718614719,0.28492610687280234,0.5324675324675324,0.3374124949809501,0.6536796536796537,0.44238527119724563,0.6363636363636364,0.7272727272727273,0.9090909090909091,0.14285714285714285,0.14285714285714285,0.14285714285714285,0.6363636363636364,0.7272727272727273,0.9090909090909091
