iteration,overall_accuracy,Mood,Anxiety,Stress
1,0.627906976744186,0.47619047619047616,0.8181818181818182,0.7272727272727273
