iteration,overall_accuracy,Mood,Anxiety,Stress
1,0.6744186046511628,0.5714285714285714,0.8181818181818182,0.7272727272727273
