top_1_accuracy,top_2_accuracy,top_3_accuracy,Category
0.42857142857142855,0.5714285714285714,0.5714285714285714,Mood
0.8181818181818182,0.9090909090909091,1.0,Anxiety
0.5454545454545454,0.7272727272727273,1.0,Stress
