mean_top_1_accuracy,std_top_1_accuracy,mean_top_2_accuracy,std_top_2_accuracy,mean_top_3_accuracy,std_top_3_accuracy,Anxiety_top_1_accuracy,Anxiety_top_2_accuracy,Anxiety_top_3_accuracy,Mood_top_1_accuracy,Mood_top_2_accuracy,Mood_top_3_accuracy
0.5541125541125541,0.2448854653459905,0.670995670995671,0.20815264554409194,0.7640692640692641,0.20509157722726698,0.7272727272727273,0.8181818181818182,0.9090909090909091,0.38095238095238093,0.5238095238095238,0.6190476190476191
