mean_top_1_accuracy,std_top_1_accuracy,mean_top_2_accuracy,std_top_2_accuracy,mean_top_3_accuracy,std_top_3_accuracy,Anxiety_top_1_accuracy,Anxiety_top_2_accuracy,Anxiety_top_3_accuracy,Mood_top_1_accuracy,Mood_top_2_accuracy,Mood_top_3_accuracy,Stress_top_1_accuracy,Stress_top_2_accuracy,Stress_top_3_accuracy
0.5497835497835498,0.2331642079566274,0.5497835497835498,0.2331642079566274,0.5800865800865801,0.2706579919020015,0.7272727272727273,0.7272727272727273,0.8181818181818182,0.2857142857142857,0.2857142857142857,0.2857142857142857,0.6363636363636364,0.6363636363636364,0.6363636363636364
