mean_top_1_accuracy,std_top_1_accuracy,mean_top_2_accuracy,std_top_2_accuracy,mean_top_3_accuracy,std_top_3_accuracy,Anxiety_top_1_accuracy,Anxiety_top_2_accuracy,Anxiety_top_3_accuracy,Mood_top_1_accuracy,Mood_top_2_accuracy,Mood_top_3_accuracy
0.577922077922078,0.21121371386091684,0.6471861471861472,0.24182439702916567,0.6948051948051948,0.1744808940590183,0.7272727272727273,0.8181818181818182,0.8181818181818182,0.42857142857142855,0.47619047619047616,0.5714285714285714
