mean_top_1_accuracy,std_top_1_accuracy,mean_top_2_accuracy,std_top_2_accuracy,mean_top_3_accuracy,std_top_3_accuracy,Anxiety_top_1_accuracy,Anxiety_top_2_accuracy,Anxiety_top_3_accuracy,Mood_top_1_accuracy,Mood_top_2_accuracy,Mood_top_3_accuracy,Stress_top_1_accuracy,Stress_top_2_accuracy,Stress_top_3_accuracy
0.6320346320346321,0.08449879348893136,0.7532467532467533,0.05660907718883994,0.8441558441558441,0.11247083166031668,0.6363636363636364,0.8181818181818182,0.9090909090909091,0.7142857142857143,0.7142857142857143,0.7142857142857143,0.5454545454545454,0.7272727272727273,0.9090909090909091
