mean_top_1_accuracy,std_top_1_accuracy,mean_top_2_accuracy,std_top_2_accuracy,mean_top_3_accuracy,std_top_3_accuracy,Anxiety_top_1_accuracy,Anxiety_top_2_accuracy,Anxiety_top_3_accuracy,Mood_top_1_accuracy,Mood_top_2_accuracy,Mood_top_3_accuracy,Stress_top_1_accuracy,Stress_top_2_accuracy,Stress_top_3_accuracy
0.5541125541125541,0.014996110888042232,0.6147186147186147,0.09833607525195283,0.7518037518037519,0.11497018347499044,0.5454545454545454,0.5454545454545454,0.8181818181818182,0.5714285714285714,0.5714285714285714,0.6190476190476191,0.5454545454545454,0.7272727272727273,0.8181818181818182
