mean_top_1_accuracy,std_top_1_accuracy,mean_top_2_accuracy,std_top_2_accuracy,mean_top_3_accuracy,std_top_3_accuracy,Anxiety_top_1_accuracy,Anxiety_top_2_accuracy,Anxiety_top_3_accuracy,Mood_top_1_accuracy,Mood_top_2_accuracy,Mood_top_3_accuracy,Stress_top_1_accuracy,Stress_top_2_accuracy,Stress_top_3_accuracy
0.6897546897546899,0.15072977236732577,0.7518037518037518,0.1465694575898755,0.8744588744588745,0.14597156103971745,0.8181818181818182,0.9090909090909091,1.0,0.5238095238095238,0.6190476190476191,0.7142857142857143,0.7272727272727273,0.7272727272727273,0.9090909090909091
