mean_top_1_accuracy,std_top_1_accuracy,mean_top_2_accuracy,std_top_2_accuracy,mean_top_3_accuracy,std_top_3_accuracy,Anxiety_top_1_accuracy,Anxiety_top_2_accuracy,Anxiety_top_3_accuracy,Mood_top_1_accuracy,Mood_top_2_accuracy,Mood_top_3_accuracy,Stress_top_1_accuracy,Stress_top_2_accuracy,Stress_top_3_accuracy
0.5512265512265513,0.2341000235723766,0.6738816738816739,0.2188753036679771,0.8427128427128427,0.19896159154568058,0.8181818181818182,0.9090909090909091,1.0,0.38095238095238093,0.47619047619047616,0.6190476190476191,0.45454545454545453,0.6363636363636364,0.9090909090909091
