mean_top_1_accuracy,std_top_1_accuracy,mean_top_2_accuracy,std_top_2_accuracy,mean_top_3_accuracy,std_top_3_accuracy,Anxiety_top_1_accuracy,Anxiety_top_2_accuracy,Anxiety_top_3_accuracy,Mood_top_1_accuracy,Mood_top_2_accuracy,Mood_top_3_accuracy
0.696969696969697,0.042854956435548375,0.696969696969697,0.042854956435548375,0.8354978354978355,0.10407632277204597,0.7272727272727273,0.7272727272727273,0.9090909090909091,0.6666666666666666,0.6666666666666666,0.7619047619047619
