mean_top_1_accuracy,std_top_1_accuracy,mean_top_2_accuracy,std_top_2_accuracy,mean_top_3_accuracy,std_top_3_accuracy,Anxiety_top_1_accuracy,Anxiety_top_2_accuracy,Anxiety_top_3_accuracy,Mood_top_1_accuracy,Mood_top_2_accuracy,Mood_top_3_accuracy,Stress_top_1_accuracy,Stress_top_2_accuracy,Stress_top_3_accuracy
0.5829725829725829,0.12967758694753811,0.7373737373737373,0.07626095389162378,0.7676767676767676,0.12616157572522016,0.7272727272727273,0.8181818181818182,0.9090909090909091,0.47619047619047616,0.6666666666666666,0.6666666666666666,0.5454545454545454,0.7272727272727273,0.7272727272727273
