mean_top_1_accuracy,std_top_1_accuracy,mean_top_2_accuracy,std_top_2_accuracy,mean_top_3_accuracy,std_top_3_accuracy,Anxiety_top_1_accuracy,Anxiety_top_2_accuracy,Anxiety_top_3_accuracy,Mood_top_1_accuracy,Mood_top_2_accuracy,Mood_top_3_accuracy,Stress_top_1_accuracy,Stress_top_2_accuracy,Stress_top_3_accuracy
0.5829725829725829,0.09247601714292708,0.7056277056277057,0.12479251346666302,0.735930735930736,0.16899758697786263,0.6363636363636364,0.8181818181818182,0.9090909090909091,0.47619047619047616,0.5714285714285714,0.5714285714285714,0.6363636363636364,0.7272727272727273,0.7272727272727273
