mean_top_1_accuracy,std_top_1_accuracy,mean_top_2_accuracy,std_top_2_accuracy,mean_top_3_accuracy,std_top_3_accuracy,Anxiety_top_1_accuracy,Anxiety_top_2_accuracy,Anxiety_top_3_accuracy,Mood_top_1_accuracy,Mood_top_2_accuracy,Mood_top_3_accuracy,Stress_top_1_accuracy,Stress_top_2_accuracy,Stress_top_3_accuracy
0.49062049062049057,0.09497536895760077,0.6435786435786436,0.17110979441894678,0.6897546897546899,0.15072977236732577,0.5454545454545454,0.8181818181818182,0.8181818181818182,0.38095238095238093,0.47619047619047616,0.5238095238095238,0.5454545454545454,0.6363636363636364,0.7272727272727273
