iteration,overall_accuracy,Mood,Anxiety,Stress
1,0.5454545454545454,0,0,0.5454545454545454
