iteration,overall_accuracy,Mood,Anxiety,Stress
1,0.5454545454545454,0.0,0.5454545454545454,0.0
1,0.6190476190476191,0.6190476190476191,0.0,0.0
1,0.7272727272727273,0.0,0.0,0.7272727272727273
