iteration,overall_accuracy,Mood,Anxiety,Stress
1,0.5813953488372093,0,0,0.5454545454545454
