mean_top_1_accuracy,std_top_1_accuracy,mean_top_2_accuracy,std_top_2_accuracy,mean_top_3_accuracy,std_top_3_accuracy,Anxiety_top_1_accuracy,Anxiety_top_2_accuracy,Anxiety_top_3_accuracy,Mood_top_1_accuracy,Mood_top_2_accuracy,Mood_top_3_accuracy,Stress_top_1_accuracy,Stress_top_2_accuracy,Stress_top_3_accuracy
0.5988455988455988,0.19308200500638076,0.6897546897546897,0.1981120639883915,0.7965367965367965,0.21510403894034366,0.8181818181818182,0.9090909090909091,1.0,0.5238095238095238,0.5238095238095238,0.5714285714285714,0.45454545454545453,0.6363636363636364,0.8181818181818182
