mean_top_1_accuracy,std_top_1_accuracy,mean_top_2_accuracy,std_top_2_accuracy,mean_top_3_accuracy,std_top_3_accuracy,Mood_top_1_accuracy,Mood_top_2_accuracy,Mood_top_3_accuracy,Stress_top_1_accuracy,Stress_top_2_accuracy,Stress_top_3_accuracy
0.5584415584415584,0.01836640990094929,0.7662337662337663,0.07346563960379716,0.8354978354978355,0.10407632277204597,0.5714285714285714,0.7142857142857143,0.7619047619047619,0.5454545454545454,0.8181818181818182,0.9090909090909091
