mean_top_1_accuracy,std_top_1_accuracy,mean_top_2_accuracy,std_top_2_accuracy,mean_top_3_accuracy,std_top_3_accuracy,Mood_top_1_accuracy,Mood_top_2_accuracy,Mood_top_3_accuracy,Stress_top_1_accuracy,Stress_top_2_accuracy,Stress_top_3_accuracy
0.39610389610389607,0.0459160247523732,0.5584415584415584,0.01836640990094929,0.6277056277056277,0.012244273267299502,0.42857142857142855,0.5714285714285714,0.6190476190476191,0.36363636363636365,0.5454545454545454,0.6363636363636364
