mean_top_1_accuracy,std_top_1_accuracy,mean_top_2_accuracy,std_top_2_accuracy,mean_top_3_accuracy,std_top_3_accuracy,Anxiety_top_1_accuracy,Anxiety_top_2_accuracy,Anxiety_top_3_accuracy,Mood_top_1_accuracy,Mood_top_2_accuracy,Mood_top_3_accuracy,Stress_top_1_accuracy,Stress_top_2_accuracy,Stress_top_3_accuracy
0.6132756132756132,0.12712343139530755,0.6897546897546899,0.15072977236732577,0.8585858585858586,0.17231032433567658,0.7272727272727273,0.8181818181818182,1.0,0.47619047619047616,0.5238095238095238,0.6666666666666666,0.6363636363636364,0.7272727272727273,0.9090909090909091
