mean_top_1_accuracy,std_top_1_accuracy,mean_top_2_accuracy,std_top_2_accuracy,mean_top_3_accuracy,std_top_3_accuracy,Anxiety_top_1_accuracy,Anxiety_top_2_accuracy,Anxiety_top_3_accuracy,Mood_top_1_accuracy,Mood_top_2_accuracy,Mood_top_3_accuracy,Stress_top_1_accuracy,Stress_top_2_accuracy,Stress_top_3_accuracy
0.6277056277056278,0.17245527521248566,0.7215007215007215,0.09969249898652742,0.8282828282828283,0.13996370162172747,0.7272727272727273,0.8181818181818182,0.9090909090909091,0.42857142857142855,0.6190476190476191,0.6666666666666666,0.7272727272727273,0.7272727272727273,0.9090909090909091
