mean_top_1_accuracy,std_top_1_accuracy,mean_top_2_accuracy,std_top_2_accuracy,mean_top_3_accuracy,std_top_3_accuracy,Mood_top_1_accuracy,Mood_top_2_accuracy,Mood_top_3_accuracy,Stress_top_1_accuracy,Stress_top_2_accuracy,Stress_top_3_accuracy
0.41774891774891776,0.052038161386022984,0.5562770562770563,0.11325952772252061,0.7640692640692641,0.20509157722726698,0.38095238095238093,0.47619047619047616,0.6190476190476191,0.45454545454545453,0.6363636363636364,0.9090909090909091
