mean_top_1_accuracy,std_top_1_accuracy,mean_top_2_accuracy,std_top_2_accuracy,mean_top_3_accuracy,std_top_3_accuracy,Anxiety_top_1_accuracy,Anxiety_top_2_accuracy,Anxiety_top_3_accuracy,Mood_top_1_accuracy,Mood_top_2_accuracy,Mood_top_3_accuracy,Stress_top_1_accuracy,Stress_top_2_accuracy,Stress_top_3_accuracy
0.6291486291486291,0.1640648855104175,0.7821067821067821,0.19630654425026203,0.8427128427128427,0.19896159154568058,0.8181818181818182,1.0,1.0,0.5238095238095238,0.6190476190476191,0.6190476190476191,0.5454545454545454,0.7272727272727273,0.9090909090909091
