mean_top_1_accuracy,std_top_1_accuracy,mean_top_2_accuracy,std_top_2_accuracy,mean_top_3_accuracy,std_top_3_accuracy,Anxiety_top_1_accuracy,Anxiety_top_2_accuracy,Anxiety_top_3_accuracy,Mood_top_1_accuracy,Mood_top_2_accuracy,Mood_top_3_accuracy,Stress_top_1_accuracy,Stress_top_2_accuracy,Stress_top_3_accuracy
0.494949494949495,0.15550307392263285,0.6017316017316018,0.20629874558344338,0.6926406926406926,0.13764600082757275,0.45454545454545453,0.7272727272727273,0.8181818181818182,0.6666666666666666,0.7142857142857143,0.7142857142857143,0.36363636363636365,0.36363636363636365,0.5454545454545454
