mean_top_1_accuracy,std_top_1_accuracy,mean_top_2_accuracy,std_top_2_accuracy,mean_top_3_accuracy,std_top_3_accuracy,Anxiety_top_1_accuracy,Anxiety_top_2_accuracy,Anxiety_top_3_accuracy,Mood_top_1_accuracy,Mood_top_2_accuracy,Mood_top_3_accuracy,Stress_top_1_accuracy,Stress_top_2_accuracy,Stress_top_3_accuracy
0.5829725829725829,0.09247601714292708,0.6594516594516595,0.11746953528966411,0.7503607503607505,0.20139565385424338,0.6363636363636364,0.7272727272727273,0.9090909090909091,0.47619047619047616,0.5238095238095238,0.5238095238095238,0.6363636363636364,0.7272727272727273,0.8181818181818182
