mean_top_1_accuracy,std_top_1_accuracy,mean_top_2_accuracy,std_top_2_accuracy,mean_top_3_accuracy,std_top_3_accuracy,Anxiety_top_1_accuracy,Anxiety_top_2_accuracy,Anxiety_top_3_accuracy,Mood_top_1_accuracy,Mood_top_2_accuracy,Mood_top_3_accuracy,Stress_top_1_accuracy,Stress_top_2_accuracy,Stress_top_3_accuracy
0.5670995670995671,0.11996888710433783,0.7518037518037519,0.11497018347499044,0.8138528138528138,0.09747472077227447,0.6363636363636364,0.8181818181818182,0.9090909090909091,0.42857142857142855,0.6190476190476191,0.7142857142857143,0.6363636363636364,0.8181818181818182,0.8181818181818182
