mean_top_1_accuracy,std_top_1_accuracy,mean_top_2_accuracy,std_top_2_accuracy,mean_top_3_accuracy,std_top_3_accuracy,Anxiety_top_1_accuracy,Anxiety_top_2_accuracy,Anxiety_top_3_accuracy,Mood_top_1_accuracy,Mood_top_2_accuracy,Mood_top_3_accuracy,Stress_top_1_accuracy,Stress_top_2_accuracy,Stress_top_3_accuracy
0.49062049062049057,0.09497536895760077,0.6594516594516594,0.14853805751755003,0.7662337662337663,0.1747223902217365,0.5454545454545454,0.8181818181818182,0.8181818181818182,0.38095238095238093,0.5238095238095238,0.5714285714285714,0.5454545454545454,0.6363636363636364,0.9090909090909091
