mean_top_1_accuracy,std_top_1_accuracy,mean_top_2_accuracy,std_top_2_accuracy,mean_top_3_accuracy,std_top_3_accuracy,Anxiety_top_1_accuracy,Anxiety_top_2_accuracy,Anxiety_top_3_accuracy,Mood_top_1_accuracy,Mood_top_2_accuracy,Mood_top_3_accuracy,Stress_top_1_accuracy,Stress_top_2_accuracy,Stress_top_3_accuracy
0.41558441558441556,0.046825341239792054,0.46176046176046176,0.0917640005517151,0.49206349206349204,0.04748768447880038,0.36363636363636365,0.36363636363636365,0.45454545454545453,0.42857142857142855,0.47619047619047616,0.47619047619047616,0.45454545454545453,0.5454545454545454,0.5454545454545454
