mean_top_1_accuracy,std_top_1_accuracy,mean_top_2_accuracy,std_top_2_accuracy,mean_top_3_accuracy,std_top_3_accuracy,Anxiety_top_1_accuracy,Anxiety_top_2_accuracy,Anxiety_top_3_accuracy,Mood_top_1_accuracy,Mood_top_2_accuracy,Mood_top_3_accuracy
0.27705627705627706,0.12244273267299526,0.30086580086580084,0.08877098118792157,0.3463203463203463,0.15305341584124404,0.36363636363636365,0.36363636363636365,0.45454545454545453,0.19047619047619047,0.23809523809523808,0.23809523809523808
