mean_top_1_accuracy,std_top_1_accuracy,mean_top_2_accuracy,std_top_2_accuracy,mean_top_3_accuracy,std_top_3_accuracy,Anxiety_top_1_accuracy,Anxiety_top_2_accuracy,Anxiety_top_3_accuracy,Mood_top_1_accuracy,Mood_top_2_accuracy,Mood_top_3_accuracy,Stress_top_1_accuracy,Stress_top_2_accuracy,Stress_top_3_accuracy
0.6450216450216449,0.07828199705638585,0.7676767676767676,0.12616157572522016,0.8282828282828283,0.16689607719048796,0.7272727272727273,0.9090909090909091,1.0,0.5714285714285714,0.6666666666666666,0.6666666666666666,0.6363636363636364,0.7272727272727273,0.8181818181818182
