mean_top_1_accuracy,std_top_1_accuracy,mean_top_2_accuracy,std_top_2_accuracy,mean_top_3_accuracy,std_top_3_accuracy,Mood_top_1_accuracy,Mood_top_2_accuracy,Mood_top_3_accuracy,Stress_top_1_accuracy,Stress_top_2_accuracy,Stress_top_3_accuracy
0.5108225108225108,0.04897709306919809,0.696969696969697,0.042854956435548375,0.7424242424242424,0.1071373910888709,0.47619047619047616,0.6666666666666666,0.6666666666666666,0.5454545454545454,0.7272727272727273,0.8181818181818182
