mean_top_1_accuracy,std_top_1_accuracy,mean_top_2_accuracy,std_top_2_accuracy,mean_top_3_accuracy,std_top_3_accuracy,Anxiety_top_1_accuracy,Anxiety_top_2_accuracy,Anxiety_top_3_accuracy,Mood_top_1_accuracy,Mood_top_2_accuracy,Mood_top_3_accuracy,Stress_top_1_accuracy,Stress_top_2_accuracy,Stress_top_3_accuracy
0.6277056277056277,0.194949441544549,0.6753246753246752,0.12790724417917024,0.7532467532467533,0.05660907718883994,0.8181818181818182,0.8181818181818182,0.8181818181818182,0.42857142857142855,0.5714285714285714,0.7142857142857143,0.6363636363636364,0.6363636363636364,0.7272727272727273
