mean_top_1_accuracy,std_top_1_accuracy,mean_top_2_accuracy,std_top_2_accuracy,mean_top_3_accuracy,std_top_3_accuracy,Anxiety_top_1_accuracy,Anxiety_top_2_accuracy,Anxiety_top_3_accuracy,Mood_top_1_accuracy,Mood_top_2_accuracy,Mood_top_3_accuracy,Stress_top_1_accuracy,Stress_top_2_accuracy,Stress_top_3_accuracy
0.4588744588744588,0.14996110888042227,0.658008658008658,0.2038312963981568,0.6738816738816739,0.1771368762734471,0.5454545454545454,0.8181818181818182,0.8181818181818182,0.2857142857142857,0.42857142857142855,0.47619047619047616,0.5454545454545454,0.7272727272727273,0.7272727272727273
