mean_top_1_accuracy,std_top_1_accuracy,mean_top_2_accuracy,std_top_2_accuracy,mean_top_3_accuracy,std_top_3_accuracy,Anxiety_top_1_accuracy,Anxiety_top_2_accuracy,Anxiety_top_3_accuracy,Mood_top_1_accuracy,Mood_top_2_accuracy,Mood_top_3_accuracy
0.43939393939393934,0.14999234752441915,0.6948051948051948,0.1744808940590183,0.6948051948051948,0.1744808940590183,0.5454545454545454,0.8181818181818182,0.8181818181818182,0.3333333333333333,0.5714285714285714,0.5714285714285714
