mean_top_1_accuracy,std_top_1_accuracy,mean_top_2_accuracy,std_top_2_accuracy,mean_top_3_accuracy,std_top_3_accuracy,Anxiety_top_1_accuracy,Anxiety_top_2_accuracy,Anxiety_top_3_accuracy,Mood_top_1_accuracy,Mood_top_2_accuracy,Mood_top_3_accuracy,Stress_top_1_accuracy,Stress_top_2_accuracy,Stress_top_3_accuracy
0.5512265512265512,0.173232308207318,0.7200577200577202,0.16995592339781193,0.7821067821067822,0.14834868956497518,0.7272727272727273,0.8181818181818182,0.9090909090909091,0.38095238095238093,0.5238095238095238,0.6190476190476191,0.5454545454545454,0.8181818181818182,0.8181818181818182
