mean_top_1_accuracy,std_top_1_accuracy,mean_top_2_accuracy,std_top_2_accuracy,mean_top_3_accuracy,std_top_3_accuracy,Anxiety_top_1_accuracy,Anxiety_top_2_accuracy,Anxiety_top_3_accuracy,Mood_top_1_accuracy,Mood_top_2_accuracy,Mood_top_3_accuracy,Stress_top_1_accuracy,Stress_top_2_accuracy,Stress_top_3_accuracy
0.41414141414141414,0.06998185081086374,0.5223665223665224,0.03998962903477926,0.6897546897546899,0.15072977236732577,0.45454545454545453,0.5454545454545454,0.8181818181818182,0.3333333333333333,0.47619047619047616,0.5238095238095238,0.45454545454545453,0.5454545454545454,0.7272727272727273
