mean_top_1_accuracy,std_top_1_accuracy,mean_top_2_accuracy,std_top_2_accuracy,mean_top_3_accuracy,std_top_3_accuracy,Anxiety_top_1_accuracy,Anxiety_top_2_accuracy,Anxiety_top_3_accuracy,Mood_top_1_accuracy,Mood_top_2_accuracy,Mood_top_3_accuracy,Stress_top_1_accuracy,Stress_top_2_accuracy,Stress_top_3_accuracy
0.6305916305916305,0.0099974072586948,0.6911976911976913,0.06248379536684262,0.7835497835497836,0.05998444355216893,0.6363636363636364,0.7272727272727273,0.8181818181818182,0.6190476190476191,0.6190476190476191,0.7142857142857143,0.6363636363636364,0.7272727272727273,0.8181818181818182
