mean_top_1_accuracy,std_top_1_accuracy,mean_top_2_accuracy,std_top_2_accuracy,mean_top_3_accuracy,std_top_3_accuracy,Anxiety_top_1_accuracy,Anxiety_top_2_accuracy,Anxiety_top_3_accuracy,Mood_top_1_accuracy,Mood_top_2_accuracy,Mood_top_3_accuracy,Stress_top_1_accuracy,Stress_top_2_accuracy,Stress_top_3_accuracy
0.5064935064935066,0.1939374613385465,0.6305916305916306,0.09145715369403076,0.7518037518037518,0.1465694575898755,0.7272727272727273,0.7272727272727273,0.9090909090909091,0.42857142857142855,0.6190476190476191,0.6190476190476191,0.36363636363636365,0.5454545454545454,0.7272727272727273
