mean_top_1_accuracy,std_top_1_accuracy,mean_top_2_accuracy,std_top_2_accuracy,mean_top_3_accuracy,std_top_3_accuracy,Anxiety_top_1_accuracy,Anxiety_top_2_accuracy,Anxiety_top_3_accuracy,Mood_top_1_accuracy,Mood_top_2_accuracy,Mood_top_3_accuracy,Stress_top_1_accuracy,Stress_top_2_accuracy,Stress_top_3_accuracy
0.6464646464646465,0.09257728676678467,0.7070707070707071,0.034990925405431896,0.8297258297258298,0.074269028758775,0.7272727272727273,0.7272727272727273,0.9090909090909091,0.6666666666666666,0.6666666666666666,0.7619047619047619,0.5454545454545454,0.7272727272727273,0.8181818181818182
