mean_top_1_accuracy,std_top_1_accuracy,mean_top_2_accuracy,std_top_2_accuracy,mean_top_3_accuracy,std_top_3_accuracy,Anxiety_top_1_accuracy,Anxiety_top_2_accuracy,Anxiety_top_3_accuracy,Mood_top_1_accuracy,Mood_top_2_accuracy,Mood_top_3_accuracy,Stress_top_1_accuracy,Stress_top_2_accuracy,Stress_top_3_accuracy
0.44588744588744583,0.09213764785191669,0.5844155844155844,0.04682534123979208,0.6767676767676768,0.04628864338339234,0.5454545454545454,0.6363636363636364,0.7272727272727273,0.42857142857142855,0.5714285714285714,0.6666666666666666,0.36363636363636365,0.5454545454545454,0.6363636363636364
