mean_top_1_accuracy,std_top_1_accuracy,mean_top_2_accuracy,std_top_2_accuracy,mean_top_3_accuracy,std_top_3_accuracy,Mood_top_1_accuracy,Mood_top_2_accuracy,Mood_top_3_accuracy,Stress_top_1_accuracy,Stress_top_2_accuracy,Stress_top_3_accuracy
0.487012987012987,0.08264884455427178,0.6038961038961039,0.04591602475237323,0.696969696969697,0.042854956435548375,0.42857142857142855,0.5714285714285714,0.6666666666666666,0.5454545454545454,0.6363636363636364,0.7272727272727273
