mean_top_1_accuracy,std_top_1_accuracy,mean_top_2_accuracy,std_top_2_accuracy,mean_top_3_accuracy,std_top_3_accuracy,Anxiety_top_1_accuracy,Anxiety_top_2_accuracy,Anxiety_top_3_accuracy,Mood_top_1_accuracy,Mood_top_2_accuracy,Mood_top_3_accuracy,Stress_top_1_accuracy,Stress_top_2_accuracy,Stress_top_3_accuracy
0.12409812409812411,0.05748509173749519,0.2308802308802309,0.04588200027585755,0.24675324675324672,0.0566090771888399,0.09090909090909091,0.2727272727272727,0.2727272727272727,0.19047619047619047,0.23809523809523808,0.2857142857142857,0.09090909090909091,0.18181818181818182,0.18181818181818182
