mean_top_1_accuracy,std_top_1_accuracy,mean_top_2_accuracy,std_top_2_accuracy,mean_top_3_accuracy,std_top_3_accuracy,Anxiety_top_1_accuracy,Anxiety_top_2_accuracy,Anxiety_top_3_accuracy,Mood_top_1_accuracy,Mood_top_2_accuracy,Mood_top_3_accuracy,Stress_top_1_accuracy,Stress_top_2_accuracy,Stress_top_3_accuracy
0.5844155844155844,0.04682534123979208,0.6753246753246754,0.0899766653282534,0.7835497835497836,0.05998444355216893,0.6363636363636364,0.7272727272727273,0.8181818181818182,0.5714285714285714,0.5714285714285714,0.7142857142857143,0.5454545454545454,0.7272727272727273,0.8181818181818182
